question_text,question_context,grade,topic,followup_1,followup_1_context,followup_2,followup_2_context,answer_junior,answer_middle,answer_senior,source
Какие гарантии доставки дает Kafka и как выбрать нужную под задачу?,"Представь, что на собеседовании обсуждают обмен данными между сервисами и надежность интеграций.",мидл-сеньор,интеграции,Сообщение постоянно падает при обработке и блокирует партицию. Что делать?,"HR хочет проверить, как ты применишь ответ на практике.",Когда коммитить offset - до обработки или после? Чем грозит каждый вариант?,Теперь HR углубляет кейс и проверяет последствия твоего решения.,"Kafka доставляет сообщения консьюмерам, обычно надежно. Минус: не различает гарантии доставки и не видит крайних случаев.","Есть at-least-once и exactly-once, обычно at-least-once. Если сообщение падает - можно повторить или пропустить. Минус: термины знает, но без механики: как обрабатывать сбойное сообщение и как это связано с offset.","По умолчанию at-least-once - возможны дубли, поэтому обработка должна быть идемпотентной. Exactly-once дороже и нужен не всегда. Сбойное сообщение не должно блокировать партицию, это разные тракты взаимодействия. В случае чего можно отправлять ошибочные сообщения в DLQ. Offset коммичу после успешной обработки - тогда при падении сообщение переобработается ценой возможного дубля, а не потеряется; коммит до обработки дал бы потерю. Плюс: гарантии + идемпотентность + DLQ + осознанный выбор момента коммита.","Катя, 7 вопросов с мок-собесов"
Что такое идемпотентность и зачем она нужна в API?,"Представь, что на собеседовании обсуждают обмен данными между сервисами и надежность интеграций.",джун-мидл,интеграции,"Клиент отправил POST-запрос на создание заказа. Сеть упала - он не знает, создался ли заказ. Отправил повторно. Что произошло в системе без idempotency-key?","HR хочет проверить, как ты применишь ответ на практике.",Как технически реализовать идемпотентный POST? Что должен передать клиент и как сервер должен это обработать?,Теперь HR углубляет кейс и проверяет последствия твоего решения.,"Идемпотентность - это когда одинаковый запрос даёт одинаковый результат. Минус: определение верное, но нет понимания зачем это нужно в реальной системе.","Идемпотентный запрос можно повторить несколько раз - результат не изменится, данные ресурса не меняются. Важно для надёжности сети. Минус: чуть глубже, но нет конкретики как реализовать.","Идемпотентность нужна потому что сети ненадёжны - клиент может отправить запрос дважды или N раз. Без неё создадутся два заказа. Решение: клиент передаёт idempotency-key в заголовке, сервер кэширует ответ по этому ключу и при повторном запросе возвращает тот же результат без повторной обработки. Плюс: проблема + решение + механика.","Катя, 7 вопросов с мок-собесов"
"Как аналитик описывает микросервисную систему в документации, чтобы поняли и разработчик, и бизнес?","Представь, что HR просит тебя объяснить архитектурное решение на реальном продукте.",мидл-сеньор,архитектура,"Какие артефакты используешь: C4, каталог сервисов, контракты?","HR хочет проверить, как ты применишь ответ на практике.","Как покажешь, кто за что отвечает и как сервисы общаются?",Теперь HR углубляет кейс и проверяет последствия твоего решения.,"Опишу сервисы текстом и нарисую схему, как они связаны. Минус: нет структуры и стандартных артефактов - такую схему каждый поймет по-своему.","Рисую диаграмму сервисов, описываю каждый и его API. Использую C4 для архитектуры. Минус: называет C4, но не раскрывает уровни и не связывает с контрактами и зонами ответственности.","Захожу сверху вниз. Контекст C4 - система и внешние акторы, понятно бизнесу. Контейнеры - сами сервисы и протоколы между ними. Каталог сервисов - таблица: сервис, его бизнес-ответственность, чьими данными владеет, какие события публикует. Контракты выношу отдельно: OpenAPI, AsyncAPI. Бизнесу показываю контекст и потоки, разработке - контейнеры и контракты. Один словарь терминов на всех. Плюс: уровни C4 под разную аудиторию + каталог ответственности + контракты + единый глоссарий.","Катя, 7 вопросов с мок-собесов"
Что такое BFF (Backend for Frontend) и зачем он нужен в микросервисах?,"Представь, что HR просит тебя объяснить архитектурное решение на реальном продукте.",мидл,архитектура,Мобильное и веб-приложение с разными потребностями в данных. Как BFF помогает?,"HR хочет проверить, как ты применишь ответ на практике.",Чем BFF отличается от обычного API Gateway?,Теперь HR углубляет кейс и проверяет последствия твоего решения.,"BFF - это бэкенд для фронтенда, слой между приложением и сервисами. Минус: расшифровал аббревиатуру, но не объяснил, какую проблему он решает.","BFF собирает данные из нескольких сервисов под конкретный клиент, чтобы фронт не делал много запросов. У мобильного и веба могут быть свои BFF. Минус: суть уловил, но не отделяет BFF от API Gateway и не называет цену лишнего слоя.","BFF - отдельный бэкенд под конкретный тип клиента. Мобильному нужен компактный ответ и меньше запросов, вебу - больше данных за раз; вместо того чтобы тащить эту логику в каждый сервис или в клиент, BFF агрегирует вызовы и отдает ровно тот формат, что нужен клиенту. Отличие от API Gateway: gateway - общий технический слой (аутентификация, маршрутизация, rate limiting) для всех, а BFF - клиентоориентированный, со своей сборкой под мобильный или веб. Минус - лишний слой и дублирование. Плюс: проблема + сценарий + отличие от gateway.","Катя, 7 вопросов с мок-собесов"
Как спланируешь миграцию данных из старой системы в новую без потерь?,"Представь, что собеседование дошло до хранения данных и практических решений по базе.",мидл-сеньор,бд,"Как проверишь, что данные перенеслись корректно и ничего не потерялось?","HR хочет проверить, как ты применишь ответ на практике.",Старая система еще работает и данные меняются во время переноса. Что делаешь?,Теперь HR углубляет кейс и проверяет последствия твоего решения.,"Выгружу данные из старой базы и загружу в новую. Проверю, что записи на месте. Минус: одноразовый перенос без плана отката и без учета, что данные меняются по ходу.","Делаю выгрузку и загрузку с маппингом полей, сверяю количество записей. Миграцию проводить в окно, когда система не используется. Минус: сверки по числу записей мало, окно простоя не всегда возможно, нет плана отката.","План: маппинг полей, миграция батчами, сверка не только по количеству, но и по ключевым агрегатам. Если систему нельзя останавливать: переносить исторические данные, догонять изменения, какое-то время писать в обе системы, переключать чтение, потом отключать старую. На каждом шаге - план отката. Плюс: план + проверки + миграция без простоя + откат.","Катя, 7 вопросов с мок-собесов"
Как описываешь нефункциональные требования к системе?,"Представь, что HR проверяет, как ты работаешь с требованиями в реальном проекте.",мидл-сеньор,требования,Бизнес говорит система должна быть быстрой и надежной. Переформулируй в измеримые NFR.,"HR хочет проверить, как ты применишь ответ на практике.","Что такое SLI, SLO, SLA и как пропишешь их в постановке?",Теперь HR углубляет кейс и проверяет последствия твоего решения.,"Пишу, что система должна работать быстро и не падать. Минус: нет измеримости. Быстро - это пожелание, а не требование.","Описываю время ответа, доступность в процентах, нагрузку. Например, ответ за 200 мс, доступность 99.9%. Минус: есть цифры, но нет понимания, откуда они и как договариваться с бизнесом.","NFR - измеримые ограничения. Начинаю с бизнес-контекста: сколько пользователей, какая критичность. Формулирую через перцентили: p95 < 200 мс при нагрузке 1000 RPS, доступность 99.9% (это 8.7 часов даунтайма в год). SLA - что гарантируем бизнесу. В постановке всегда указываю условия замера: не просто 200 мс, а 200 мс при нагрузке X в нормальных условиях. Плюс: методология + конкретика + разница цифр в понимании.","Катя, 7 вопросов с мок-собесов"
Как ты оцениваешь сроки выполнения своей задачи?,"Представь, что HR оценивает не только знания, но и то, как ты объясняешь свое решение.",мидл,подача,"Просят оценить задачу, где много неизвестного. Что делаешь?","HR хочет проверить, как ты применишь ответ на практике.","Понимаешь, что не успеваешь в срок. Твои действия?",Теперь HR углубляет кейс и проверяет последствия твоего решения.,"Прикидываю, сколько займет, и называю срок. Если что-то не успеваю, доделываю как могу. Минус: оценка на глаз без декомпозиции; о срыве узнают по факту.","Разбиваю задачу на части и оцениваю каждую, закладываю запас. Если не успеваю - предупреждаю руководителя. Минус: декомпозиция есть, но нет работы с неопределенностью и приоритетами при срыве.","Декомпозирую до понятных кусков и оцениваю их, а не задачу целиком. Где много неизвестного - не даю точную цифру, а беру время на исследование или даю диапазон с допущениями, которые проговариваю вслух. Закладываю риски, а не идеальный сценарий. Если вижу, что не успеваю, поднимаю это заранее, а не в день дедлайна, и прихожу не с проблемой, а с вариантами: сократить скоуп, сдвинуть срок, добавить ресурс. Плюс: декомпозиция + работа с неопределенностью + ранняя эскалация с вариантами.","Катя, 7 вопросов с мок-собесов"
"Расскажи, что такое REST: основные принципы, HTTP-методы, статус-коды.","Представь, что на собеседовании обсуждают обмен данными между сервисами и надежность интеграций.",джун,интеграции,Чем отличается PUT от PATCH? Когда использовать 422 вместо 400?,"HR хочет проверить, как ты применишь ответ на практике.",Что такое идемпотентность и где передается idempotency-key в POST-запросе?,Теперь HR углубляет кейс и проверяет последствия твоего решения.,Перечисляет методы GET/POST/PUT/DELETE и пару кодов. Минус: набор фактов без семантики.,"Объясняет методы и коды корректно, знает про stateless. Минус: не различает близкие коды и не объясняет выбор.","REST - архитектурный стиль: ресурсы в URI, stateless, единообразный интерфейс, семантика через HTTP-методы. PUT заменяет ресурс целиком (непереданные поля обнуляются), PATCH меняет только переданные поля; оба идемпотентны по спецификации, POST - нет. 400 - синтаксически некорректный запрос, 422 - синтаксис верный, но нарушены бизнес-правила валидации. Идемпотентность POST достигается через idempotency-key в заголовке: сервер кэширует ответ по ключу и на повтор отдает тот же результат.","Катя, Карта зон роста"
"Спроектируй REST-эндпоинт: что опишешь в запросе, ответе, ошибках, версионировании?","Представь, что на собеседовании обсуждают обмен данными между сервисами и надежность интеграций.",мидл,интеграции,Как обеспечить обратную совместимость при изменении контракта API?,"HR хочет проверить, как ты применишь ответ на практике.","Как правильно описать пагинацию - что в запросе, что в ответе? В чём разница для нагруженной системы?",Теперь HR углубляет кейс и проверяет последствия твоего решения.,"Пишет URL и метод, примерный JSON. Минус: нет ошибок, версионирования, валидации.","Описывает запрос, ответ, основные коды ошибок, версию в URL. Минус: не думает про эволюцию контракта и нагрузку.","В постановке: метод, URI, path/query-параметры, тело запроса с типами и обязательностью, тело ответа, полный список кодов ошибок с бизнес-смыслом, авторизация, идемпотентность, лимиты. Обратная совместимость: только аддитивные изменения (новые опциональные поля), не удалять и не переименовывать существующие, не менять типы; ломающие изменения - через новую версию (/v2 или заголовок), со сроком жизни старой. Пагинация: offset/limit проста, но на больших смещениях деградирует - БД всё равно сканирует пропущенные строки; для нагруженных систем cursor-based (keyset) по стабильному ключу. В ответе - сами данные + метаданные (курсор/общее число, если оно дешево считается).","Катя, Карта зон роста"
"Расскажи основы Kafka: что такое брокер, топик, партиция, консьюмер-группа.","Представь, что на собеседовании обсуждают обмен данными между сервисами и надежность интеграций.",джун,интеграции,Чем отличается очередь от топика Kafka? Что будет если добавить нового консьюмера в группу?,"HR хочет проверить, как ты применишь ответ на практике.",Что такое offset и как консьюмер может прочитать сообщение повторно? Где Kafka может потерять сообщения?,Теперь HR углубляет кейс и проверяет последствия твоего решения.,"Называет термины, путает партицию и топик. Минус: определения без механики.","Объясняет структуру верно. Минус: не связывает с ребалансировкой, порядком и потерями.","Топик - логический канал, делится на партиции для параллелизма; порядок гарантируется только внутри партиции. Консьюмер-группа: одна партиция читается одним консьюмером группы, добавление консьюмера вызывает ребалансировку, лишние сверх числа партиций простаивают. Отличие от классической очереди: в Kafka сообщение не удаляется после чтения, оно живёт по retention, а позицию хранит offset - поэтому можно перечитать, сдвинув offset. Потери возможны: продюсер с acks=0/1 при падении лидера, коммит offset до обработки, истечение retention до прочтения.","Катя, Карта зон роста"
Спроектируй Kafka-интеграцию для разработчиков: что войдёт в постановку?,"Представь, что на собеседовании обсуждают обмен данными между сервисами и надежность интеграций.",сеньор,интеграции,Как описать в требованиях к Kafka-интеграции политики retry и гарантии доставки?,"HR хочет проверить, как ты применишь ответ на практике.",Что делать если консьюмер упал в середине обработки сообщения? Как гарантировать exactly-once?,Теперь HR углубляет кейс и проверяет последствия твоего решения.,"Опишу, что сервис читает из топика. Минус: нет контракта, ошибок, гарантий.","Опишу топик, формат сообщения, кто продюсер и консьюмер. Минус: нет retry, DLQ, идемпотентности.","В постановке: контекст задачи, sequence-диаграмма, топик и его партиционирование (ключ и почему), контракт сообщения с маппингом полей, схема и её эволюция (Schema Registry), логика чтения и записи, гарантии доставки и момент коммита offset, политика retry (сколько попыток, backoff), DLQ и что с ним делают дальше, correlation id для трассировки, требования к логированию и мониторингу лага. Exactly-once в чистом виде дорог: практичнее at-least-once + идемпотентный консьюмер по бизнес-ключу.","Катя, Карта зон роста"
"Что такое gRPC, чем отличается от REST и когда его применяют?","Представь, что на собеседовании обсуждают обмен данными между сервисами и надежность интеграций.",мидл,интеграции,Почему gRPC быстрее REST для межсервисного взаимодействия? Что под капотом?,"HR хочет проверить, как ты применишь ответ на практике.",Как описать контракт gRPC-сервиса для команды разработки в proto?,Теперь HR углубляет кейс и проверяет последствия твоего решения.,"gRPC - это способ вызова методов другого сервиса, быстрее REST. Минус: нет механики.","Знает про protobuf и HTTP/2, называет применение внутри системы. Минус: не объясняет trade-off и не описывает контракт.","gRPC - RPC поверх HTTP/2 с бинарной сериализацией protobuf и строгим контрактом в .proto. Быстрее REST+JSON за счёт: бинарный компактный формат вместо текстового JSON, мультиплексирование потоков в одном соединении HTTP/2, сжатие заголовков, поддержка стриминга. Применяют для внутреннего межсервисного взаимодействия, где важна латентность и строгий контракт; наружу для браузеров и публичных партнёров обычно оставляют REST - proto хуже читается человеком и требует кодогенерации. Контракт: в .proto описываются service с методами, message с полями и их номерами; номера полей нельзя переиспользовать - это основа обратной совместимости.","Катя, Карта зон роста"
Чем синхронная интеграция отличается от асинхронной и как выбрать нужную?,"Представь, что на собеседовании обсуждают обмен данными между сервисами и надежность интеграций.",джун-мидл,интеграции,Пользователь оплачивает заказ. Уведомление уходит в CRM. Какое взаимодействие где и почему?,"HR хочет проверить, как ты применишь ответ на практике.",Webhooks - синхронное или асинхронное? Почему оба варианта подходят?,Теперь HR углубляет кейс и проверяет последствия твоего решения.,"Синхронно - ждём ответ, асинхронно - не ждём. Минус: нет критериев выбора.","Синхронно - когда нужен ответ сразу, асинхронно - через брокер, когда можно подождать. Минус: не связывает с надёжностью и связанностью систем.","Синхронно - когда результат нужен здесь и сейчас для продолжения сценария и вызывающий готов ждать и падать вместе с вызываемым. Асинхронно - когда можно отложить, важна устойчивость и нужно развязать жизненные циклы систем. Оплата заказа - синхронно: пользователь ждёт результат, от него зависит следующий шаг. Уведомление в CRM - асинхронно через брокер: пользователю не важно, CRM может лежать, ретраи не должны блокировать оплату. Webhook - асинхронный по природе (вызывающая система не ждёт результата бизнес-обработки), но технически это обычный синхронный HTTP-вызов в обратную сторону; поэтому нужны подтверждение приёма, ретраи и идемпотентность на приёмнике.","Катя, Карта зон роста"
Чем монолит отличается от микросервисов и как проектируется каждый?,"Представь, что HR просит тебя объяснить архитектурное решение на реальном продукте.",мидл,архитектура,Когда микросервисы - это плохой выбор? Назови 3 ситуации.,"HR хочет проверить, как ты применишь ответ на практике.",Что такое распределённая транзакция и почему она сложнее в микросервисах?,Теперь HR углубляет кейс и проверяет последствия твоего решения.,"Монолит - одно приложение, микросервисы - много маленьких. Минус: определение без trade-off.","Знает про независимый деплой и масштабирование. Минус: микросервисы как безусловное благо, не видит цену.","Микросервисы - это про организационную и операционную независимость, а не про размер кода: свой деплой, своя БД, своя команда. Цена: сеть между сервисами, распределённые данные, сложность эксплуатации. Плохой выбор: маленькая команда без DevOps-зрелости; неустоявшийся домен, где границы сервисов ещё поедут; сильно связанные данные, где почти каждая операция затрагивает несколько сервисов. Распределённая транзакция сложна тем, что нет общего ACID: нельзя откатить чужой сервис одним rollback. Решения - SAGA с компенсирующими операциями или 2PC (дорого и блокирует), плюс outbox для надёжной публикации событий.","Катя, Карта зон роста"
Расскажи про нотацию C4: какие уровни и что показывает каждый?,"Представь, что HR просит тебя объяснить архитектурное решение на реальном продукте.",мидл,архитектура,Что показывает context-диаграмма в C4 и чем она отличается от container?,"HR хочет проверить, как ты применишь ответ на практике.",Как на C4 отрисовать модульный монолит?,Теперь HR углубляет кейс и проверяет последствия твоего решения.,"C4 - это способ рисовать архитектуру, четыре уровня. Минус: не различает уровни по назначению.","Называет context, container, component, code. Минус: не связывает уровень с аудиторией.","C4 - четыре уровня масштаба под разную аудиторию. Context: система как чёрный ящик, внешние акторы и системы - язык бизнеса. Container: развёртываемые единицы (сервисы, БД, фронт) и протоколы между ними - язык разработки и инфраструктуры. Component: внутренности одного контейнера. Code: почти не рисуют, генерируют. Модульный монолит на C4: на уровне container это один контейнер (приложение) плюс БД, а модули и их границы показываются на уровне component - именно так видно, что монолит модульный, а не размазанный.","Катя, Карта зон роста"
"Какие архитектурные паттерны знаешь: SAGA, CQRS, BFF, API Gateway - и когда они нужны?","Представь, что HR просит тебя объяснить архитектурное решение на реальном продукте.",сеньор,архитектура,Что такое SAGA и чем она решает проблему распределённых транзакций?,"HR хочет проверить, как ты применишь ответ на практике.",Что такое God Object и почему это антипаттерн для микросервисной архитектуры?,Теперь HR углубляет кейс и проверяет последствия твоего решения.,"Перечисляет названия. Минус: нет понимания, какую проблему решает каждый.",Объясняет каждый паттерн по отдельности. Минус: не называет цену и условия применимости.,"SAGA - последовательность локальных транзакций с компенсирующими действиями вместо общей распределённой транзакции; бывает хореография (сервисы слушают события друг друга, нет центра, но сложнее отследить) и оркестрация (координатор явно управляет шагами, проще отлаживать, но появляется центральная точка). CQRS - разделение моделей чтения и записи, оправдано при сильном перекосе нагрузки или разных требованиях к моделям; цена - eventual consistency и удвоение моделей. BFF - сборка данных под конкретный клиент. API Gateway - общий технический слой (auth, routing, rate limiting), при этом сам является точкой отказа и требует резервирования. God Object - сервис, который знает и делает всё: превращает микросервисы обратно в монолит с сетью посередине, становится узким местом деплоя и отказа.","Катя, Карта зон роста"
"Как спроектируешь схему БД: ER-модель, нормализация, связи many-to-many?","Представь, что собеседование дошло до хранения данных и практических решений по базе.",джун-мидл,бд,Как развязать связь многие-ко-многим? Нарисуй на примере пользователи и роли.,"HR хочет проверить, как ты применишь ответ на практике.",Что такое нормализация до 3НФ и зачем она нужна? Где она мешает?,Теперь HR углубляет кейс и проверяет последствия твоего решения.,Нарисую таблицы и свяжу их. Минус: нет нормализации и понимания связей.,"Строю ER, нормализую, связь многие-ко-многим через промежуточную таблицу. Минус: нормализация как догма, без trade-off.","Многие-ко-многим развязывается связующей таблицей: users, roles и user_roles с двумя FK и составным первичным ключом (user_id, role_id) - это заодно запрещает дубли. В связующую таблицу часто добавляют атрибуты самой связи: кто выдал роль и когда. 3НФ - каждый неключевой атрибут зависит от ключа целиком и не зависит от других неключевых; цель - убрать аномалии вставки/обновления/удаления и дублирование. Мешает на тяжёлом чтении: много JOIN на горячих запросах и в аналитике - там осознанно денормализуют, принимая цену рассинхронизации.","Катя, Карта зон роста"
"Насколько ты владеешь SQL: JOIN, GROUP BY, подзапросы?","Представь, что собеседование дошло до хранения данных и практических решений по базе.",джун-мидл,бд,Чем LEFT JOIN отличается от INNER JOIN? Приведи пример где результат разный.,"HR хочет проверить, как ты применишь ответ на практике.","Что такое индекс и когда он ускоряет запрос, а когда замедляет вставку?",Теперь HR углубляет кейс и проверяет последствия твоего решения.,"Пишу SELECT, знаю JOIN. Минус: нет понимания планов и стоимости.","Уверенно пишу JOIN, GROUP BY, подзапросы. Минус: не думает про производительность и индексы.","INNER JOIN оставляет только совпавшие пары; LEFT JOIN оставляет все строки левой таблицы, подставляя NULL там, где справа нет пары. Разный результат: список пользователей и их заказов - INNER потеряет пользователей без заказов, LEFT покажет их с NULL. Частая ловушка: условие на правую таблицу в WHERE вместо ON превращает LEFT JOIN обратно в INNER. Индекс - отдельная структура для быстрого поиска: ускоряет фильтрацию, сортировку и JOIN по индексированным колонкам, но каждый индекс нужно поддерживать при INSERT/UPDATE/DELETE, он занимает место, и на таблице с интенсивной записью лишние индексы дают заметную просадку. Плюс оптимизатор может проигнорировать индекс, если выборка возвращает большую долю таблицы.","Катя, Карта зон роста"
Как вносить изменения в схему БД без простоя в продакшне?,"Представь, что собеседование дошло до хранения данных и практических решений по базе.",сеньор,бд,Как добавить NOT NULL колонку в таблицу с миллионом записей без даунтайма?,"HR хочет проверить, как ты применишь ответ на практике.",Что такое zero-downtime migration и какие паттерны её обеспечивают?,Теперь HR углубляет кейс и проверяет последствия твоего решения.,Напишу ALTER TABLE. Минус: не видит блокировок и старого кода.,"Знаю про миграции и окно обслуживания. Минус: окно не всегда доступно, нет паттерна раскатки.","NOT NULL добавляют в несколько шагов: сначала nullable-колонка, затем бэкфилл батчами, чтобы не держать длинную блокировку, затем проставление NOT NULL (в современных Postgres - через NOT VALID constraint + VALIDATE, что не блокирует чтение и запись надолго). Ключевой принцип zero-downtime: схема должна быть совместима одновременно со старой и новой версией кода, потому что во время выкатки они работают параллельно. Паттерн expand-contract: expand - добавляем новое, не ломая старое; миграция кода на новое; contract - удаляем старое только когда никто им не пользуется. Переименование колонки делается как добавление новой + двойная запись + перенос + удаление старой, а не одним ALTER.","Катя, Карта зон роста"
"Как написать постановку на API-интеграцию, чтобы разработчик реализовал её без вопросов?","Представь, что HR проверяет, как ты работаешь с требованиями в реальном проекте.",мидл,требования,Что должно быть в постановке на REST-эндпоинт кроме URL и метода?,"HR хочет проверить, как ты применишь ответ на практике.","Как описать сценарии ошибок в постановке? Что разработчик должен сделать при 503, 400, 401, 403?",Теперь HR углубляет кейс и проверяет последствия твоего решения.,"Опишу метод, URL и что он делает. Минус: разработчик придёт с десятком вопросов.","Опишу запрос, ответ, основные ошибки. Минус: нет NFR, авторизации, ретраев, логирования.","Кроме метода и URI: контекст и бизнес-цель, sequence-диаграмма, описание всех параметров с типами, обязательностью и правилами валидации, тело запроса и ответа с примерами, полный перечень ошибок с бизнес-трактовкой, авторизация, идемпотентность, таймауты и политика ретраев, NFR (latency, RPS), требования к логированию и correlation id. По кодам: 400 - клиент прислал некорректный запрос, ретраить бессмысленно, чинить запрос; 401 - не аутентифицирован, обновить токен и повторить один раз; 403 - аутентифицирован, но нет прав, ретрай не поможет, эскалация; 503 - временная недоступность, ретрай с экспоненциальным backoff и jitter, ограниченное число попыток, дальше circuit breaker и fallback-сценарий для пользователя.","Катя, Карта зон роста"
Как ты собираешь требования с бизнеса и фиксируешь договорённости?,"Представь, что HR проверяет, как ты работаешь с требованиями в реальном проекте.",джун-мидл,требования,Бизнес говорит хочу уведомления. Какие 5 уточняющих вопросов ты задашь?,"HR хочет проверить, как ты применишь ответ на практике.",Как зафиксировать договорённость чтобы через 2 недели никто не сказал я такого не говорил?,Теперь HR углубляет кейс и проверяет последствия твоего решения.,"Спрошу, что нужно, и запишу. Минус: пересказ хотелок без выявления скрытого.","Провожу интервью, задаю уточняющие вопросы, пишу в задачу. Минус: нет работы с противоречиями и фиксацией.","Пять вопросов по уведомлениям: кому (сегмент получателей), по какому событию и с какой задержкой допустимо, по какому каналу (push/email/sms) и что если канал недоступен, что именно в тексте и кто его владелец, что при массовой отправке - лимиты, отписка, дубли. Плюс всегда спрашиваю, какую проблему решаем и как поймём, что решили. Фиксация: письменный артефакт в едином месте (задача, спека), а не в переписке; протокол встречи с решениями и владельцами сразу после встречи; явное подтверждение от стейкхолдера - хотя бы отбитое сообщение подтверждаю; версионирование и changelog изменений требований, чтобы было видно, кто и когда что поменял.","Катя, Карта зон роста"
Как ты декомпозируешь большой эпик на задачи для разработчиков?,"Представь, что HR проверяет, как ты работаешь с требованиями в реальном проекте.",мидл,требования,Тебе дали эпик внедрить платёжный модуль. С чего начнёшь декомпозицию?,"HR хочет проверить, как ты применишь ответ на практике.",Как определить минимальный объём задачи который можно взять в спринт?,Теперь HR углубляет кейс и проверяет последствия твоего решения.,Разобью на несколько задач по логике. Минус: разбиение по слоям или на глаз.,"Разбиваю на функциональные куски, оцениваю каждый. Минус: нет критериев готовности и вертикальных срезов.","Начинаю не с задач, а с границ: какой сценарий пользователя, какие внешние системы, где границы ответственности. Дальше строю карту сценариев и режу вертикально - тонкими срезами, каждый из которых даёт работающий кусок ценности (например, оплата картой одним способом без сохранения карты), а не горизонтально по слоям (сначала вся БД, потом весь бэкенд). По платёжному модулю: сначала happy path одного способа оплаты, потом ошибки и таймауты провайдера, потом возвраты, потом остальные способы. Критерий минимальной задачи: понятны вход и выход, есть критерии приёмки, реализуема за спринт одной командой, не требует другой незакрытой задачи, и результат можно продемонстрировать.","Катя, Карта зон роста"
"Как ты описываешь требования к атрибутам качества: производительность, доступность, масштабируемость?","Представь, что HR проверяет, как ты работаешь с требованиями в реальном проекте.",мидл-сеньор,требования,Система должна быть быстрой - это NFR? Как переформулировать корректно?,"HR хочет проверить, как ты применишь ответ на практике.",Что такое SLO и SLA и как ты их формулируешь в постановке задачи? Где взять эти цифры под систему?,Теперь HR углубляет кейс и проверяет последствия твоего решения.,"Пишу, что система должна быть быстрой и доступной. Минус: неизмеримо.","Пишу конкретные числа: 200 мс, 99.9%. Минус: числа взяты с потолка, нет условий замера.","Быстро - это не NFR, это пожелание: нет метрики, значения, условий замера и способа проверки. Корректно: p95 времени ответа не более 300 мс при нагрузке 500 RPS в течение часа пиковой нагрузки. SLI - сама метрика (доля успешных ответов, latency). SLO - внутренняя цель по этой метрике (99.9% за месяц). SLA - внешнее обязательство перед клиентом с последствиями за нарушение; SLA всегда мягче SLO, чтобы был запас. Цифры беру не из головы: из фактической телеметрии текущей системы, из бизнес-контекста (сколько стоит минута простоя, сколько пользователей в пике), из ограничений смежных систем. И всегда проверяю цену: 99.99% против 99.9% - это другой бюджет на резервирование, и бизнес должен осознанно за это заплатить.","Катя, Карта зон роста"
Как ты структурируешь ответ на технический вопрос на собеседовании?,"Представь, что HR оценивает не только знания, но и то, как ты объясняешь свое решение.",мидл,подача,"Ответь за 2 минуты: когда использовать WebSocket, а когда брокеры?","HR хочет проверить, как ты применишь ответ на практике.",Что такое ограниченный контекст в архитектурном понимании? Приведи пример из своей практики.,Теперь HR углубляет кейс и проверяет последствия твоего решения.,Отвечаю определением и жду следующего вопроса. Минус: интервьюер слышит теорию без применения.,"Отвечаю по сути, иногда привожу пример. Минус: нет структуры, ответ растекается.","Держу структуру: контекст -> выбор -> аргумент -> trade-off -> пример. По WebSocket и брокерам: WebSocket - постоянное двунаправленное соединение клиент-сервер, нужен когда пользователю надо доставлять изменения в реальном времени (чат, котировки, статус заказа на карте). Брокер - асинхронный обмен между сервисами внутри системы, нужен для развязки и надёжности, а не для доставки в браузер. Это не альтернативы: типичный сценарий - сервис публикует событие в брокер, а отдельный шлюз держит WebSocket и пушит его подписанному клиенту. Ограниченный контекст - граница, внутри которой термин имеет одно однозначное значение: заказ в контексте продаж и заказ в контексте логистики - разные модели с разными атрибутами, и попытка сделать один общий класс Order на всю компанию - типичная ошибка.","Катя, Карта зон роста"
"Расскажи о задаче, которую ты решал: контекст, что сделал, инструмент, результат.","Представь, что HR оценивает не только знания, но и то, как ты объясняешь свое решение.",джун-мидл,подача,Расскажи об одной интеграции которую ты проектировал - за 90 секунд.,"HR хочет проверить, как ты применишь ответ на практике.",Как ты объяснишь свою самую сложную задачу и почему она была таковой?,Теперь HR углубляет кейс и проверяет последствия твоего решения.,"Мы делали интеграцию, я писал документацию. Минус: нет контекста, роли и результата.","Описывает задачу и что делал. Минус: нет цифр, нет вклада, нет trade-off.","Формула: контекст (какая система, какая проблема бизнеса, кто участники) -> моя роль и что конкретно сделал я, а не команда -> инструменты и почему выбрал именно их -> результат в измеримых величинах -> что бы сделал иначе. Сложность объясняю не через я много работал, а через конкретное ограничение: неоднозначные требования, легаси без документации, отсутствие тестовой среды у внешнего провайдера, сжатый срок с регуляторным дедлайном - и через то, как именно я это ограничение обошёл.","Катя, Карта зон роста"
Что такое API Gateway и зачем он нужен? Является ли он точкой отказа?,"Представь, что HR просит тебя объяснить архитектурное решение на реальном продукте.",мидл,архитектура,"Какие функции выносят в gateway, а какие оставляют в сервисах?","HR хочет проверить, как ты применишь ответ на практике.",Как избежать превращения gateway в узкое место?,Теперь HR углубляет кейс и проверяет последствия твоего решения.,"Gateway - это вход в систему, через него идут запросы. Минус: нет функций и рисков.","Знает про маршрутизацию, авторизацию, rate limiting. Минус: не видит его как точку отказа.","API Gateway - единая точка входа: маршрутизация, аутентификация и авторизация, rate limiting, терминация TLS, агрегация метрик и логов, версионирование внешнего API. В сервисах остаётся бизнес-логика и доменная авторизация - в gateway её тащить нельзя, иначе он превращается в God Object. Да, это архитектурная точка отказа: если gateway лёг, недоступна вся система. Лечится резервированием (несколько инстансов за балансировщиком, разные зоны),healthcheck и автоматическим failover, отсутствием состояния в самом gateway, ограничением логики в нём и мониторингом его латентности отдельно от сервисов.","Веб, частые вопросы 2026"
Что такое хореография и оркестрация? В чём отличия?,"Представь, что HR просит тебя объяснить архитектурное решение на реальном продукте.",сеньор,архитектура,"Можно ли построить систему только на хореографии, без оркестрации?","HR хочет проверить, как ты применишь ответ на практике.",Ты добавляешь новый микросервис в существующую хореографию. Как не сломать остальных?,Теперь HR углубляет кейс и проверяет последствия твоего решения.,"Оркестрация - есть главный, хореография - нет. Минус: определение без последствий.",Объясняет разницу и приводит пример. Минус: не называет цену каждого подхода.,"Оркестрация: центральный координатор явно вызывает шаги и знает весь процесс - легко отследить и отладить, весь сценарий в одном месте, но координатор становится узким местом и точкой связанности. Хореография: сервисы публикуют события и реагируют на чужие, центра нет - слабая связанность и лёгкое добавление подписчиков, но общий процесс нигде не описан целиком, отладка и отслеживание состояния сложнее, легко получить неявные циклы. Только на хореографии построить можно, но на сложных процессах с компенсациями и таймаутами это дорого: обычно длинные бизнес-процессы оркеструют, а уведомления и побочные эффекты делают хореографией. Новый подписчик безопасен, если он только читает существующие события и не меняет их контракт, не публикует события с уже занятыми именами и идемпотентен - тогда остальные его просто не замечают.","Веб, частые вопросы 2026"
Чем Kafka отличается от RabbitMQ и что выбрать под задачу?,"Представь, что на собеседовании обсуждают обмен данными между сервисами и надежность интеграций.",мидл,интеграции,"Куда пойдёт сообщение, если консьюмер прочитал его в Kafka - оно удалится?","HR хочет проверить, как ты применишь ответ на практике.",В каком случае RabbitMQ будет лучше Kafka?,Теперь HR углубляет кейс и проверяет последствия твоего решения.,"Оба брокеры сообщений, Kafka популярнее. Минус: нет критериев выбора.","Kafka - лог, RabbitMQ - очередь. Минус: знает ярлыки, не связывает с задачей.","Kafka - распределённый лог: сообщения не удаляются после чтения, хранятся по retention, консьюмер держит offset и может перечитать; сильна в высокой пропускной способности, стриминге, нескольких независимых потребителях одного потока событий. RabbitMQ - классический брокер с очередями и гибкой маршрутизацией (exchange, routing key): сообщение удаляется после ack, есть приоритеты, TTL, встроенный DLX. RabbitMQ лучше, когда нужна сложная маршрутизация, per-message TTL и приоритеты, паттерн task queue с конкурирующими воркерами и умеренный объём. Kafka лучше, когда нужны реплей событий, аудит, несколько разных подписчиков и большие объёмы.","Веб, частые вопросы 2026"
Что такое CAP-теорема и как она влияет на проектирование?,"Представь, что HR просит тебя объяснить архитектурное решение на реальном продукте.",сеньор,архитектура,Что на практике выбирают чаще - CP или AP? Приведи пример каждого.,"HR хочет проверить, как ты применишь ответ на практике.",Что такое eventual consistency и когда она недопустима?,Теперь HR углубляет кейс и проверяет последствия твоего решения.,"Consistency, Availability, Partition tolerance - можно выбрать два. Минус: заученная формулировка.","Объясняет три свойства и компромисс. Минус: не понимает, что P не выбирают.","Формулировка выбери два из трёх вводит в заблуждение: в распределённой системе сетевые разделения происходят, значит P не опция, а данность. Реальный выбор - что делать во время разделения: отказать в обслуживании ради согласованности (CP) или ответить возможно устаревшими данными ради доступности (AP). CP - платежи, остатки на счетах: лучше ошибка, чем двойное списание. AP - лента, каталог, счётчики просмотров: устаревшие данные на секунду безвредны. Eventual consistency - гарантия, что реплики сойдутся когда-нибудь при отсутствии новых записей; недопустима там, где решение принимается по данным и цена ошибки высока: списание денег, бронирование последнего места, проверка прав доступа.","Веб, частые вопросы 2026"
"Как ты обеспечиваешь безопасность API: аутентификация, авторизация, защита данных?","Представь, что в проекте нужно учесть безопасность еще на этапе системного анализа.",мидл,безопасность,Что внутри JWT и почему нельзя хранить в нём чувствительные данные?,"HR хочет проверить, как ты применишь ответ на практике.",Чем аутентификация отличается от авторизации? Где проверяется каждая?,Теперь HR углубляет кейс и проверяет последствия твоего решения.,"Есть токен, по нему пускают. Минус: путает аутентификацию и авторизацию.",Знает про JWT и OAuth. Минус: не понимает структуру токена и границы доверия.,"Аутентификация - кто ты (проверка личности, выдача токена), авторизация - что тебе можно (проверка прав на конкретный ресурс). Аутентификацию обычно терминируют на gateway, доменную авторизацию проверяет сам сервис - он единственный знает, чей это объект. JWT - три части: header, payload, signature, разделённые точками. Payload закодирован base64, а не зашифрован: его читает любой, кто перехватил токен, поэтому персональные данные, номера карт и внутренние секреты туда класть нельзя - только идентификаторы и роли. Подпись защищает от подмены, но не от чтения. Плюс: короткий TTL access-токена и refresh-токен, HTTPS обязателен, отзыв через blacklist или короткий срок жизни, проверка issuer и audience.","Веб, частые вопросы 2026"
Как защитить callback-эндпоинт для вебхуков от внешней системы?,"Представь, что в проекте нужно учесть безопасность еще на этапе системного анализа.",сеньор,безопасность,"Как убедиться, что вебхук пришёл действительно от провайдера?","HR хочет проверить, как ты применишь ответ на практике.",Провайдер прислал один и тот же вебхук трижды. Что должно произойти?,Теперь HR углубляет кейс и проверяет последствия твоего решения.,"Проверю, что запрос пришёл на наш URL. Минус: любой может дёрнуть эндпоинт.","Проверю токен в заголовке. Минус: нет подписи, replay-защиты, идемпотентности.","Подлинность: HMAC-подпись тела запроса секретом, известным обеим сторонам, - провайдер кладёт её в заголовок, мы пересчитываем и сравниваем; сравнение constant-time. Плюс allowlist IP провайдера и mTLS, если поддерживается. Защита от replay: в подпись включается timestamp, запросы старше нескольких минут отбрасываются. Идемпотентность обязательна: у события есть свой id, мы сохраняем обработанные id и на повтор отвечаем 200, не обрабатывая заново - провайдеры ретраят по таймауту, и три одинаковых вебхука это норма, а не аномалия. Отвечать 200 нужно быстро, до тяжёлой обработки: приняли, положили в очередь, ответили - иначе провайдер посчитает доставку неуспешной и пришлёт ещё раз.","Веб, частые вопросы 2026"
"Как ты будешь описывать интеграцию, если внешняя система периодически недоступна?","Представь, что на собеседовании обсуждают обмен данными между сервисами и надежность интеграций.",мидл-сеньор,интеграции,Что такое circuit breaker и зачем он нужен поверх ретраев?,"HR хочет проверить, как ты применишь ответ на практике.",Когда ретраи опасны?,Теперь HR углубляет кейс и проверяет последствия твоего решения.,"Будем повторять запрос, пока не получится. Минус: бесконечные ретраи добьют внешнюю систему.","Настроим ретраи с таймаутом. Минус: нет backoff, нет предохранителя, нет идемпотентности.","Слоями: таймаут на каждый вызов (обязательно, иначе поток висит), ретраи с экспоненциальным backoff и jitter, ограниченное число попыток, circuit breaker, fallback-сценарий и явное поведение для пользователя. Circuit breaker нужен поверх ретраев потому, что ретраи при массовом сбое усиливают нагрузку и добивают уже упавшую систему; предохранитель после N ошибок размыкает цепь и какое-то время отвечает отказом мгновенно, потом пропускает пробный запрос. Ретраи опасны, когда операция неидемпотентна: повтор создания платежа или заказа без idempotency-key даст дубль - формально таймаут не означает, что операция не выполнилась. Поэтому либо идемпотентность на стороне провайдера, либо перевод в асинхронный сценарий со сверкой статуса.","Веб, частые вопросы 2026"
В чём отличие верификации требований от валидации?,"Представь, что HR проверяет, как ты работаешь с требованиями в реальном проекте.",мидл,требования,Кто участвует в каждой из процедур?,"HR хочет проверить, как ты применишь ответ на практике.","Требование прошло верификацию, но провалило валидацию. Что это значит?",Теперь HR углубляет кейс и проверяет последствия твоего решения.,Это про проверку требований. Минус: не различает.,"Верификация - правильно ли написано, валидация - то ли написали. Минус: определение без практики.","Верификация - делаем ли мы продукт правильно: требование корректно, непротиворечиво, измеримо, трассируемо, тестируемо. Проверяют аналитик, разработка, тестирование, архитектор - внутренняя команда. Валидация - делаем ли мы правильный продукт: требование действительно решает проблему бизнеса и пользователя. Проверяют заказчик и пользователи, через демо, прототипы, пилот. Пройти верификацию и провалить валидацию - классика: требование написано безупречно, реализуемо и протестировано, но решает не ту проблему или уже неактуально - деньги потрачены на аккуратно сделанную ненужную вещь. Поэтому валидацию нельзя откладывать до приёмки.","Веб, частые вопросы 2026"
Какие нотации моделирования применяешь и под какие задачи?,"Представь, что HR проверяет, как ты работаешь с требованиями в реальном проекте.",джун-мидл,требования,Чем Sequence-диаграмма отличается от Activity? Когда что берёшь?,"HR хочет проверить, как ты применишь ответ на практике.",Чем BPMN отличается от UML Activity?,Теперь HR углубляет кейс и проверяет последствия твоего решения.,Рисую блок-схемы и диаграммы. Минус: нет системы выбора.,"Знаю UML и BPMN, рисую sequence и activity. Минус: выбирает по привычке, а не по задаче.","Выбираю нотацию под вопрос, на который отвечаю. Sequence - взаимодействие во времени: кто кого вызывает, в каком порядке, синхронно или нет, где таймауты и ошибки; главный инструмент для интеграций. Activity - алгоритм и ветвления внутри процесса, ближе к блок-схеме. BPMN - бизнес-процесс с участниками (пулы, дорожки), событиями и исполнителями; понятен бизнесу и, в отличие от Activity, исполним движком. State machine - жизненный цикл сущности и допустимые переходы, незаменима для статусной модели заказа. ER - структура данных. C4 - архитектура. Правило: одна диаграмма отвечает на один вопрос одной аудитории.","Веб, частые вопросы 2026"
Что такое stateless и stateful применительно к сервисам? REST - какой из них?,"Представь, что HR просит тебя объяснить архитектурное решение на реальном продукте.",джун-мидл,архитектура,Почему stateless проще масштабировать?,"HR хочет проверить, как ты применишь ответ на практике.","Где тогда живёт сессия пользователя, если сервис stateless?",Теперь HR углубляет кейс и проверяет последствия твоего решения.,Stateless - без состояния. Минус: определение без следствий.,"Stateless не хранит состояние между запросами, REST stateless. Минус: не объясняет, зачем это нужно.","Stateless-сервис не хранит состояние клиента между запросами: каждый запрос самодостаточен и содержит всё нужное для обработки. REST по определению stateless - в этом одно из его ограничений. Масштабировать проще потому, что любой инстанс может обработать любой запрос: можно добавлять и убивать поды без липких сессий, балансировщик не обязан помнить, куда ходил клиент, падение инстанса не теряет пользовательский контекст. Состояние при этом никуда не исчезает - оно выносится: в токен на стороне клиента (JWT), во внешнее хранилище (Redis, БД) или передаётся в самом запросе. Stateless - это не отсутствие состояния в системе, а отсутствие его в памяти конкретного инстанса.","Веб, частые вопросы 2026"
Что такое кэш и какие стратегии кэширования знаешь?,"Представь, что собеседование дошло до хранения данных и практических решений по базе.",мидл,бд,Как инвалидировать кэш? Какие проблемы это создаёт?,"HR хочет проверить, как ты применишь ответ на практике.",Что такое cache stampede и как его избежать?,Теперь HR углубляет кейс и проверяет последствия твоего решения.,Кэш - чтобы быстрее отдавать данные. Минус: нет стратегий и рисков.,Знает cache-aside и TTL. Минус: не думает про инвалидацию и согласованность.,"Основные стратегии: cache-aside (приложение само читает кэш, при промахе идёт в БД и кладёт обратно - самая частая), read-through и write-through (кэш сам ходит в БД, запись синхронно в оба - согласованно, но медленнее на запись), write-behind (запись в кэш, в БД асинхронно - быстро, но риск потери). Инвалидация - главная сложность: TTL прост, но даёт окно устаревших данных; явная инвалидация точна, но легко забыть все места, где данные меняются, и получить рассинхрон. Cache stampede - когда популярный ключ протух и сотни параллельных запросов одновременно ломятся в БД; лечится блокировкой на пересчёт (один считает, остальные ждут), вероятностным ранним обновлением до истечения TTL и разбросом TTL, чтобы ключи не протухали синхронно.","Веб, частые вопросы 2026"
Как аналитику описать rate limiting в требованиях к API?,"Представь, что в проекте нужно учесть безопасность еще на этапе системного анализа.",мидл,безопасность,Какой код ответа вернуть при превышении лимита и что положить в заголовки?,"HR хочет проверить, как ты применишь ответ на практике.",Лимит на пользователя или на IP? В чём разница и когда что?,Теперь HR углубляет кейс и проверяет последствия твоего решения.,Ограничим число запросов. Минус: нет параметров и поведения.,"Например, 100 запросов в минуту, дальше ошибка. Минус: нет кода, заголовков, алгоритма.","В требованиях: субъект лимита (пользователь, API-ключ, IP, tenant), значение и окно (100 запросов в минуту), алгоритм (fixed window прост, но даёт всплеск на стыке окон; sliding window точнее; token bucket допускает контролируемый burst), поведение при превышении и исключения для внутренних клиентов. Ответ: 429 Too Many Requests, обязательно Retry-After с указанием, когда можно повторить, плюс заголовки с лимитом, остатком и временем сброса - иначе клиент будет долбиться вслепую. Лимит по IP ловит анонимных и ботов, но бьёт по всем за одним NAT (офис, мобильный оператор) и обходится сменой адреса. Лимит по пользователю или API-ключу справедлив и точен, но требует аутентификации, поэтому на публичных эндпоинтах их комбинируют.","Веб, частые вопросы 2026"
Что такое correlation id и зачем он нужен?,"Представь, что на собеседовании обсуждают обмен данными между сервисами и надежность интеграций.",джун-мидл,интеграции,Кто его генерирует и как он живёт в асинхронной цепочке через брокер?,"HR хочет проверить, как ты применишь ответ на практике.",Чем correlation id отличается от идентификатора бизнес-операции?,Теперь HR углубляет кейс и проверяет последствия твоего решения.,"Это идентификатор запроса. Минус: не понимает, зачем.","Нужен, чтобы найти запрос в логах. Минус: не связывает с распределённой трассировкой.","Correlation id - сквозной идентификатор, который проходит через все сервисы в рамках одной операции и позволяет собрать её след из логов разных систем; без него в микросервисах разбор инцидента превращается в археологию. Генерирует его первый принявший запрос (обычно gateway), если клиент не прислал свой; дальше он прокидывается в заголовке при синхронных вызовах и в заголовке сообщения при публикации в брокер - именно поэтому в контракте сообщения его нужно предусмотреть заранее, иначе асинхронная ветка теряет связь. Бизнес-идентификатор (номер заказа) живёт в домене и понятен пользователю, correlation id технический и живёт одну операцию: по одному заказу может пройти десяток операций с разными correlation id.","Веб, частые вопросы 2026"
Что должно быть в постановке для пользовательского интерфейса?,"Представь, что HR проверяет, как ты работаешь с требованиями в реальном проекте.",джун-мидл,требования,"Как описываешь состояния экрана: загрузка, пустое, ошибка?","HR хочет проверить, как ты применишь ответ на практике.","Кто владелец текстов и что делаешь, если макета ещё нет?",Теперь HR углубляет кейс и проверяет последствия твоего решения.,"Приложу макет и опишу, что где нажимается. Минус: разработчик додумает половину.","Макет, описание полей и действий. Минус: нет состояний, валидаций, крайних случаев.","Макет плюс то, чего в макете нет: все состояния экрана (загрузка, пусто, частично загружено, ошибка сети, ошибка сервера, нет прав), правила валидации каждого поля и точные тексты ошибок, что происходит при потере связи и повторном нажатии кнопки, поведение при длинных значениях и граничных данных, права доступа - кто что видит, аналитика (какие события шлём), доступность и локализация. Тексты - зона ответственности продукта или редактора, но фиксирую их я в постановке, чтобы не было отсебятины в коде. Если макета нет - не жду его: описываю сценарий, поля, данные и правила, а верстку помечаю как зависимость с явным сроком, иначе задача встанет.","Веб, частые вопросы 2026"
Как ты работаешь с AI-инструментами в задачах аналитика?,"Представь, что HR оценивает не только знания, но и то, как ты объясняешь свое решение.",мидл,подача,"Где ИИ реально экономит время аналитику, а где вредит?","HR хочет проверить, как ты применишь ответ на практике.","Как проверяешь то, что сгенерировал ИИ, прежде чем отдать в разработку?",Теперь HR углубляет кейс и проверяет последствия твоего решения.,"Пользуюсь ChatGPT, спрашиваю формулировки. Минус: нет системы и проверки.",Использую для черновиков документации и SQL. Минус: не говорит про риски и валидацию.,"Использую там, где есть черновик и быстрая проверка: первичная структура постановки, генерация тест-кейсов и краевых случаев, черновик OpenAPI по описанию, разбор чужого легаси-кода, переформулировка требований под разную аудиторию, генерация SQL с последующей проверкой плана. Вредит там, где нужен контекст, которого у модели нет: доменные правила, договорённости с конкретной командой, ограничения легаси - там она уверенно выдумает. Проверка обязательна и всегда моя: сверяю с источником требований, прогоняю SQL на данных, отдаю контракт на ревью разработке, ищу молчаливые допущения. Правило простое: ИИ ускоряет черновик, ответственность за артефакт остаётся на мне.","Веб, частые вопросы 2026"
